新竹市私立喬太文理短期補習班,2017/9/27,新竹市經國路一段379巷41號3樓,班務缺失、涉及課照,限期改善件次,2017/10/13,府教社字第1060148576號
新竹市私立育碩文理短期補習班,2017/9/27,新竹市民富街155、157、159號1樓,班務缺失、涉及課照,限期改善件次,2017/10/13,府教社字第1060148572號
新竹市私立愛迪標文理短期補習班,2017/9/6,新竹市光復路2段298巷7弄16號1樓,班務缺失、違規擴大使用班舍,限期改善件次,2017/9/22,府教社字第1060139611號
新竹市私立傑揚文理短期補習班,2017/8/23,新竹市埔頂路123號A棟1樓及123號A棟2樓,班務缺失,限期改善件次,2017/8/30,府教社字第1060127509號
新竹市私立永曜文理短期補習班,2017/8/2,新竹市建功一路170號1-4樓,班務缺失、教室數與核定不符,限期改善件次,2017/8/7,府教社字第1060116200號
新竹市私立璽理文理短期補習班,2017/7/26,新竹市東南街271號1樓至2樓,班務缺失,限期改善件次,2017/8/7,府教社字第1060116093號
新竹市私立聯成電腦短期補習班,2017/7/19,新竹市中華路二段387號1-3樓,班務缺失及擅自遷址,限期改善件次,2017/8/4,府教社字第1060115450號
陳立教育事業股份有限公司附設新竹市私立中正文理短期補習班,2017/7/5,民族路31號6樓、7樓、8樓,班務缺失,限期改善件次,2017/7/28,府教社字第1060112029號
新竹市私立艾學爾文理短期補習班竹光分班,2017/6/28,新竹市延平路一段214巷67號1樓,1.班務缺失 2.違規擴大使用延平路一段214巷67號2樓,限期改善件次,2017/7/31,府教社字第1060112359號
新竹市私立艾學爾文理短期補習班,2017/6/26,新竹市林森路169號地下1樓（辦公室）、1樓至4樓,擅自增設科目、招牌書寫課輔字樣,限期改善件次,2017/7/28,府教社字第1060111746號
新竹市私立艾學爾文理短期補習班牛埔分班,2017/6/21,新竹市香山區牛埔東路321號1樓至2樓,班務缺失、涉及課照,限期改善件次,2017/7/26,府教社字第1060111066號
新竹市私立學智文理短期補習班,2017/6/7,新竹市學府路443號1-2樓,班務缺失、違規擴大使用班舍,限期改善件次,2017/6/22,府教社字第1060092160號
新竹市私立文勝文理短期補習班,2017/5/17,新竹市湳中街121巷19號1樓至4樓,擅自遷址至湳中街121巷19號1樓至4樓,停止招生三個月,2017/6/16,府教社字第1060085181號
新竹市私立新華興英語短期補習班,2017/3/29,新竹市東山街16巷13號2樓,班務缺失,限期改善件次,2017/4/12,府教社字第1060057719號
新竹市私立喬安文理短期補習班,2017/3/29,新竹市四維路100號1至4樓,班務缺失、違規擴大使用班舍,限期改善件次,2017/4/26,府教社字第1060064804號
新竹市私立庭安樂文理短期補習班,2017/3/29,新竹市四維路39號2樓,班務缺失、涉及課照、違規擴大使用班舍,限期改善件次,2017/4/25,府教社字第1060064793號
新竹市私立立文文理短期補習班,2017/3/15,30054 新竹市北區武陵路57號1至4樓,班務缺失、違規擴大使用班舍,限期改善件次,2017/4/14,府教社字第1060056964號
新竹市私立誠樺語文技藝短期補習班,2017/3/15,新竹市金竹路124號1樓,班務缺失、擅自增設美術科、教室數與核定數不符,限期改善件次,2017/4/14,府教社字第1060057712號
新竹市私立群英文理短期補習班,2017/3/1,新竹市關東路110號1-4樓,班務缺失、涉及課照,限期改善件次,2017/4/10,府教社字第1060054628號
新竹市私立教育家文理短期補習班關東分班,2017/3/1,新竹市關東路106號1樓至4樓,班務缺失、涉及課輔、教室數與核准不符,限期改善件次,2017/4/10,府教社字第1060048745號
新竹市私立竹科芝麻街美語文理短期補習班,2017/3/1,新竹市關新路51號2樓,班務缺失、涉及課照、違規擴大使用班舍,限期改善件次,2017/3/21,府教社字第1060045601號
臺師菁英文教事業股份有限公司附設新竹市私立臺師菁英1號文理短期補習班,2017/2/22,新竹市學府路35號1樓,班務缺失及教室數與核定間數不符,限期改善件次,2017/3/21,府教社字第1060048268號
臺師菁英文教事業股份有限公司附設新竹市私立臺師菁英6號文理短期補習班,2017/2/22,新竹市學府路37號2-3樓,班務缺失,限期改善件次,2017/3/21,府教社字第1060045598號
新竹市私立大正短期補習班,2016/9/21,新竹市自由路101號2樓,懸掛招牌書寫三之三課輔班等字樣，涉違規經營課輔業務、現場教室5間，與核定間數(2間)不符,限期改善件次,2016/10/11,1050150107
新竹市私立貝爾伊頓美語短期補習班,2016/9/7,新竹市建功一路156號1樓至2樓,違規使用擴大夾層及3樓共增設5間教室。,限期改善件次,2016/9/23,1050144211
支點資訊科技有限公司附設新竹市私立三民法政商業短期補習班,2016/5/25,新竹市東門街62號2樓,違規擴大使用東門街62號7樓。,限期改善件次,2016/6/8,1050091282
新竹市私立巧園美語珠心算短期補習班,2016/5/18,新竹市東大路3段518號1樓,擴大使用518號2樓,限期改善件次,2016/5/31,1050086703
新竹市私立文勝文理短期補習班,2016/5/18,新竹市東大路二段226號1-3樓,違規擴大使用226號4樓,限期改善件次,2016/5/31,1050086409
新竹市私立艾學爾文理短期補習班,2016/5/11,新竹市林森路169號地下1樓（辦公室）、1樓至4樓,地下一樓做活動教室使用,限期改善件次,2016/5/24,1050082416
新竹市私立育碩文理短期補習班,2016/4/20,新竹市民富街155、157、159號1樓,1.懸掛招牌書寫「課輔」等字樣。 2.收據退費規定與本府規定不符。,限期改善件次,2016/5/3,1050071711
新竹市私立新華文理短期補習班,2016/3/2,新竹市大庄路56-5號1-4樓,違規擴增班址至大庄路130、132號,限期改善件次,2016/3/23,1050052934
大東海國際書局有限公司附設新竹市私立大東海法商短期補習班,2016/2/17,新竹市民族路7號2樓、7樓、8樓、9樓,1.未出示建築物公共安全簽證申報回函、與學生簽訂之定型化契約。2.收據退費規定與本府規定不符。,限期改善件次,2016/3/8,1050043449
新竹市私立法老師文理短期補習班,2013/11/13,新竹市民族路253號1樓,,限期改善件次,2013/11/27,
新竹市私立嘉因文理短期補習班,2013/3/20,民族路269號2樓至3樓,於1樓設置電腦使用區，且有學生在使用電腦及寫作業,糾正件次(列入違規紀錄),2013/4/11,府教社字第1020042204號函
私立國立短期補習班,2010/6/23,新竹市學府路66號2樓,,限期改善件次,2010/7/1,
私立宏泰物理短期補習班,2009/4/29,新竹市民族路31號5樓,未使用定型化契約,限期改善件次,2009/5/4,
私立朱尼爾短期補習班,2009/1/14,新竹市自由路67號2樓之1、2樓之2,違規擴增班舍另消防、建物安檢設備有缺失。,限期改善件次,2009/1/16,府教社字第0980005787號函
私立建宏三號文理短期補習班,2008/12/17,延平路一段214巷67號1樓,違規擴大班舍和未經本府核准已用車輛載送學生,限期改善件次,2008/12/26,
私立學立6號文理短期補習班,2008/10/16,新竹市延平路一段433號一樓,違規擴增班舍,限期改善件次,2008/10/22,府教社字第0970109094
私立王淵海文理短期補習班,2008/10/2,新竹市東門街62號2樓,無建物公安簽證.未使用定型化契約.未懸掛立案證書,限期改善件次,2008/10/8,
私立林格美語會話短期補習班,2008/7/17,新竹市科學園路107巷22號1~2樓,未經核准擅自變更班址 無建物公安簽證,限期改善件次,2008/7/23,
私立唯智英語專修短期補習班(府教社字第0930058727號函核准變更班名),2007/9/27,中山路40巷27號1樓,擅自擴大班舍,限期改善件次,2007/10/15,府教社字第0960106708號
私立聯合文理短期補習班,2007/9/6,新竹市東門街34巷3號1之4樓,,限期改善件次,2007/10/12,府教社字第0960106256號 
私立新豐數學文教學苑短期補習班,2007/6/7,新竹市延平路3段542-1號1~2樓,擅自擴充班舍至3樓,限期改善件次,2007/6/15,府教社字第0960061507號
私立學立文理短期補習班,2007/6/7,新竹市延平路3段204巷1號2樓,擴充班舍至1F、3F,限期改善件次,2007/6/14,府教社字第0960061274號
私立培心美語短期補習班,2007/5/10,新竹市光華二街165號1-2樓,消防部分缺失,限期改善件次,2007/5/24,府教社字第0960052408號
私立大衛美日語短期補習班,2007/5/3,新竹市科學園路139號,消防部分缺失,限期改善件次,2007/5/15,府教社字第0960049174
私立新皇家美語短期補習班(因門牌整編95.04.19府教社字第0950035074號函同意修正班址),2006/11/9,新竹市體育街32號,違規使用未經本府核准之班舍(該班址2樓),限期改善件次,2006/6/23,府教社字第0950060679號
私立新儒林文理短期補習班,2006/6/8,新竹市關東里光復路一段268巷63號4樓,收托學齡前兒童,糾正件次(列入違規紀錄),2006/6/23,府教社字第0950060634號
私立國際村美日語短期補習班,2004/8/31,新竹市光復路一段373之1號2樓,,限期改善件次,,
私立聯合文理短期補習班,2004/8/27,新竹市東門街34巷3號1之4樓,,限期改善件次,,
私立敦品數學短期短期補習班,2004/2/19,新竹市民族路六十五號,擅自遷移班址,停止招生六個月,2004/3/26,府教社字第0930042275號
私立紐約美語會話短期補習班,2004/2/14,新竹市北大路十五號一樓,招收學齡前兒童,限期改善件次,2004/2/27,府教社字第09300155997
私立育晟文理短期補習班,2004/2/12,新竹市學府路61巷5-6號,擅自遷址至新竹市學府路61巷5-6號,停止招生六個月,2004/3/16,府教社字第0930035183號
私立大和美日語短期補習班,2003/12/11,新竹市光復路1段526號2樓,擅自遷移班址,限期改善件次,2003/12/17,府教社字第0920106981號
私立育民英數理短期補習班,2003/11/13,新興里2鄰西大路23、25號,擅自遷移班址,停止招生六個月,2003/12/31,府教社字第0920118003號
私立上冠文理短期補習班,2003/10/23,新竹市東門街62號,擅自變更班址至本市東門街六十二號一、三樓,停止招生六個月,2003/12/31,府教社字第0920117986號
私立紐約美語短期補習班,2003/9/25,新竹市北大路15號1樓,,限期改善件次,,
私立育民英數理短期補習班,2003/6/26,新竹市西大路23號,班址遷址未報府核准,限期改善件次,2003/7/1,府教社字第0920053719號
私立上冠文理短期補習班,2003/6/16,新竹市三民理民族路161號,班址與立案地址不符,限期改善件次,2003/6/19,府教社字第0920050337
新竹縣私立迪親堡文理短期補習班,2017/10/12,寶山鄉三峰路二段630號,收費收據未詳載退費規定、未使用定型化契約、未置備教職員名冊、交通車未報府申請、短期補習班不得額外收費提供課後照顧及學校作業輔導、未提供設班基金、2樓滅火器失壓、3樓緩降機下降空間障礙,限期改善件次,2017/10/13,府教社字第1060148565號
新竹縣私立艾莉娜短期補習班,2017/9/20,竹北市勝利二路77號1至2樓,一樓走廊寬度不足、106年公安申報但提具改善計畫未逾期，請於106年10月11日以前改善完竣後再行申報。,限期改善件次,2017/10/11,府教社字第1060144142號
新竹縣私立文華文理短期補習班,2017/9/20,湖口鄉民族街221號1至3樓,請儘速辦理106年公安申報、緊急進口阻塞,限期改善件次,2017/10/11,府教社字第1060146365號
私立宏儒文理短期補習班,2017/7/26,竹北市中正西路105號1至3樓,1樓後方自修教室，請李即停止使用或依規補辦手續、未使用定型化契約,限期改善件次,2017/10/11,府教社字第1060148310號
私立常春藤美語文理短期補習班,2017/7/12,竹北市光明三路180號3樓暨原182教室,於光明三路180號擅自擴充班舍、收費收據退費規定宜更新、現場未提供消防防護計畫書及自衛消防編組演練、B1避難梯出口無法打開、未依(87)建都字第313號建築物使用執照核准範圍使用,限期改善件次,2017/10/11,府教社字第1060144140號
新竹縣私立米芝霓美語會話短期補習班,2017/7/12,新竹縣新豐鄉泰安街109號1至3樓,市招班名與立案證書不符、一具避難方向指示燈壞掉,限期改善件次,2017/10/11,府教社字第1060148466號
財團法人人本教育文教基金會附設新竹縣私立數學想想國文理短期補習班,2017/5/10,竹北市華興街136號1樓,立案證書未懸掛於明顯處、未使用定型化契約、退費規定宜更新、現場未提供消防防護計畫書及自衛消防編組演練,限期改善件次,2017/7/14,府教社字1063717228號
新竹縣私立力弘文理短期補習班,2017/4/26,竹北市中正西路127號1-2樓,走廊寬度不足180公分、未置備個人資料檔案安圈維護計畫、未提供定型化契約、設班基金存款不足,限期改善件次,,
臺師菁英文教事業股份有限公司附設新竹縣私立臺師1號文理短期補習班,2017/4/26,竹北市中正西路111號1.2樓,一樓逃生門堵塞、3樓及1樓前方疑似涉及違章情勢、未置備教職員名冊及個人資料檔案安全維護計畫、未提供設班基金、服務契約書自評表待補件,限期改善件次,,
新竹縣私立王牌文理短期補習班,2017/4/12,竹北市復興三路一段16號1-3樓,更換立案證書、現場未提供定型化契約、設班基金及招生文宣、於復興三路一段16號4樓擅自擴充班舍、市招班名與立案班名不符、交通車未報府使用,限期改善件次,,
新竹縣私立邱傅老師文理短期補習班,2017/4/12,新竹縣新埔鎮中正路192號1-2樓,盡速辦理建築物公安申報,限期改善件次,,
新竹縣私立聯合文理短期補習班成功分班,2017/3/29,新竹縣竹北市成功八路122號1樓及126號1樓,122號走廊寬度不足180公分、成功八路122號及126號擅自增設教室,限期改善件次,2017/5/2,1060058531
新竹縣私立向陽學習教育館文理短期補習班,2017/3/29,竹北市成功十街67號,未使用定型化契約、未置備教職員及學員名冊、未置備個人資料檔案安全維護計畫、違法兼做課後照顧、未提供公共意外責任保險、收費收據退費規定宜更新,限期改善件次,2017/5/2,1060057562
新竹縣私立傑瑞米短期補習班,2017/3/29,新竹縣竹北市光明九路176號1樓,立案證書未懸掛明顯處、違法經營課後照顧,限期改善件次,2017/5/2,1060058532
新竹縣私立神鵰俠侶文理短期補習班,2017/3/15,新豐鄉松林街71號1至2樓及尚仁街92號2樓,立案證書未懸掛明顯處、收費收據未詳載退費規定,限期改善件次,2017/4/17,1060050550
新竹縣私立阿布探索教室文理才藝短期補習班,2017/3/15,竹北市嘉豐一街89號1至2樓,收費收據未詳載退費規定、定型化契約宜多加只用,限期改善件次,,1060050549
新竹縣私立藝果美語短期補習班,2017/3/1,新竹縣竹北市國興街20號1至2樓、20-1號1至2樓,於國興街3樓擅自擴充班舍、收費收據位詳載退費規定、未置備教職員名冊、設班基金存款不足,限期改善件次,2017/3/10,1060033973
新竹縣私立程宇文理短期補習班,2017/2/15,湖口鄉中正村中興街7號1樓,2.3樓擅自擴充班舍、非供公眾使用建築物，不可招收12歲以下學童、未使用定型化契約，2.3樓應製定消防防護計畫書,限期改善件次,2017/3/10,1060033972
新竹縣私立耶魯文理短期補習班,2017/2/15,湖口鄉民權街9巷6號1至2樓,收費收據未詳載退費規定、未置備學員名冊及個人資料檔案安全維護計畫,限期改善件次,2017/3/10,1060033976
私立葉老師美語短期補習班,2017/1/4,湖口鄉明德街308號1.2樓,立案證書未更新、退費規定宜更新、定型化契約請多加使用、1.2樓滅火器未做性能檢查,限期改善件次,2017/1/20,1060011461
新竹縣私立北聯文教文理短期補習班,2016/12/21,竹北市縣政十三路92號1.2樓,定型化契約待補件、未檢具消防防護計畫書及自衛消防編組演練、走廊寬度未達1.8公尺,限期改善件次,,
新竹縣私立光明文理短期補習班,2016/12/21,新竹縣竹北市光明十街一段17號1-2樓,退費規定宜更詳細、定型化契約宜多加使用,限期改善件次,,
私立鵝媽媽台大區文理短期補習班,2016/12/21,竹北市縣政二路596號四樓及五樓,退費規定宜更新、設班基金待補件、緩降機未做標示牌、105年未檢修申報消防安全設備、外師出差擇日再訪,限期改善件次,,
私立史努比文理短期補習班,2016/10/26,北埔鄉水祭村3鄰31-1號一樓,未提供自衛消防編組演練資料、滅火器逾期未檢測、火警自動警報及警急廣播設備功能異常、避難方向指示燈急出口標示燈不符規定、緊急照明設備不符規定,限期改善件次,2016/11/8,府教社字第1050168038號
私立奧爾菲斯藝術短期補習班,2016/10/26,竹北市莊敬三路118號2樓之1、2樓之5,定型化契約宜多加使用、收據退費規定宜更新,限期改善件次,2016/11/8,府教社字第1050168039號
私立私立掄元文理短期補習班,2016/10/26,竹北市莊敬三路82號1至4樓,未辦理檢築物公共安全檢修申報、緊急進口急避難層出入口封閉、立案證書宜更新、未提供設班基金、三樓避難器具下降空間疑似有障礙,限期改善件次,2016/11/8,府教社字第1050168037號
私立師嘉文理短期補習班,2016/10/12,湖口鄉新湖路49號,收費退費規定宜更新,限期改善件次,2016/11/8,府教社字第1050168043號
新竹縣私立湯貝爾英語短期補習班,2016/10/12,竹北市光明九路160號,於光明九路158號擅增班舍、交通車未報府、立案證書宜更新、收據退費規定宜更新、未提供經核備之消防防護計畫書、2.3樓窗簾無防焰標示,限期改善件次,2016/11/8,府教社字第1050168035號
新竹縣私立佳晟英語會話短期補習班,2016/10/12,湖口鄉達生路28號1-2樓,收據退費規定宜更新,限期改善件次,2016/11/8,府教社字第1050168036號
新竹縣私立綠拇指美語珠心算短期補習班,2016/9/21,竹東鎮光明路106號1樓，地下室1樓,"退費規定宜更新,設班基金須轉定存",限期改善件次,2016/11/8,府教社字第1050168042號
新竹縣私立范老師才藝短期補習班,2016/9/21,新竹縣竹北市新國里中央路261號一樓,"退費方式宜更新,定型化契約宜多加使用",限期改善件次,2016/11/8,府教社字第1050168044號
新竹縣私立澳爾文理才藝短期補習班,2016/9/7,竹北市莊敬二街20號2樓,"未使用定型化契約,未置備教職員名冊,未置備個人資料安全維護計畫,退費方式宜更新,設班基金須轉定存待補件,未提供消防防護計畫書及自衛消防編組演練資料",限期改善件次,2016/11/7,府教社字第1050164580號
新竹縣私立瀧傑文理短期補習班,2016/9/7,新埔鎮楊新路一段27號1至2樓,"立案證書需換發,收費收據待埔件,未使用定型化契約,未置備教職員名冊,立案證書未懸掛於明顯處,未置備學員名冊,未置備個人資料安全維護計劃,設班基金與公共意外責任保險待補件,未辦理建築物建築物公共安全檢查簽證及申報,未遴用防火管理人,未提供消防防護計畫書及自衛消防編組演練資料,未提供定期檢修申報消防案全設備資料",限期改善件次,2016/11/7,府教社字第1050164573號
新竹縣私立郭淑惠舞蹈學苑短期補習班,2016/9/7,竹北市四維街208號2樓,未置備個人資料安全維護計畫,限期改善件次,2016/11/7,府教社字第1050164576號
新竹縣私立劉欣文理短期補習班,2016/8/24,新豐鄉忠孝路20號1，2樓,"於三樓擅自擴充班舍,服務契約書查核評估表補件,市招班名與立案證書不符",限期改善件次,2016/9/29,
新竹縣私立陳老師文理短期補習班,2016/8/24,竹北市縣政十三路98號,"退費規定宜詳細條列,設班基金待補件,定型化契約宜多加使用,擅自於三樓增設教室",限期改善件次,2016/9/29,
新竹縣私立Monica美語短期補習班,2016/8/10,竹東鎮光明路76巷38號1，2樓,"未將立案證書懸掛於明顯處,市招班名與立案證書不符,未使用定型化契約,未置備個人資料檔案安全維護計畫,設班基金存款記錄逾期,不得提供課後照顧相關服務",限期改善件次,,
新竹縣私立Sunny向日葵文理短期補習班,2016/8/10,竹東鎮二重里光明路98巷8號1-2樓,"市招班名與立案證書不符,未使用定型化契約,收據未載退費規定",限期改善件次,,
新竹縣私立卓越文理短期補習班,2016/8/10,竹北市華興一街129號1-2樓、竹北市華興一街142號1樓,"市招班名與立案證書不符,收據未載退費規定",限期改善件次,,
新竹縣私立文揚文理短期補習班,2016/8/10,竹北市華興街146號1-2樓,"未使用定型化契約,未設置教職員名冊,設班基金已解約請補正",限期改善件次,,
新竹縣私立嘉興文理短期補習班,2016/7/27,竹北市勝利二路61號1-3樓,"立案證書宜更新,定型化契約應多加使用",限期改善件次,,
新竹縣私立香香舞蹈短期補習班,2016/7/27,新竹縣湖口鄉中興街15號1至2樓,"設班基金[存款不足,未使用定型化契約",限期改善件次,,
新竹縣私立麻吉文理才藝短期補習班,2016/7/13,竹北市縣政14街50號1-3樓,市招班名與立案證書不符(麻吉小學堂),限期改善件次,2016/11/7,府教社字第1050164579號
新竹縣私立你最棒韻律舞蹈短期補習班,2016/7/13,竹北市縣政14街32-1號1樓,"退費規定宜更新,定型化契約應多加使用,未提供消防防護計畫書及自衛消防編組演練資料",限期改善件次,2016/11/7,府教社字第1050164575號
新竹縣私立天籟文理短期補習班,2016/7/13,新豐鄉松林街88號1-4樓,"立案證書宜更新,退費規定宜更新",限期改善件次,2016/11/7,府教社字第1050164572號
私立宇文文理短期補習班,2016/7/13,新竹縣新豐鄉松林街86號1-3樓,"立案證書宜更新,退費規定宜更新,補設班基金,4F教室應停止使用或報府擴增班舍,補習班契約評估表待補件,二樓緩降機臂桿長度不足,一樓休息室請補設緊急照明燈",限期改善件次,2016/11/7,府教社字第1050164574號
新竹縣私立惍明美語短期補習班,2016/6/15,竹北市光明九路157號2樓,"1F有教室及辦公區 應報府擴增班舍或暫停使用, 退費規定宜更新, 2F有廚房， 2F教室已停止使用。",限期改善件次,2016/7/28,府教社字第1050123189號
新竹縣私立康淇文理短期補習班,2016/6/15,竹北市光明九路72號1樓,"立案證書宜更新, 設班基金應補足至36萬元, 定型化契約應多使用,請儘速辦理建築物公共安全檢查簽證及申報，直通樓梯、安全梯（門）及室內走廊不應擅自改造。",限期改善件次,2016/7/28,府教社字第1050099735號
新竹縣私立小巨人文理短期補習班,2016/6/1,新豐鄉中興路91號1至2樓,"設班基金宜轉定存,退費規定宜更新,交通車未報府申請,93號2F教室已無使用,補習班契約評估表待補件、當日未提供最新自衛消防編組演練資料。",限期改善件次,2016/7/28,府教社字第1050123190號
新竹縣私立劉杰文理補習班,2016/6/1,竹北市華興街164號2樓,"1F有教室 辦公室 請停止使用或報府擴增班舍, 無招生文宣, 定型化契約宜多使用, 2樓已無使用、未提供最新檢修申報書、室內走廊放置雜物 請立即改善。",限期改善件次,2016/7/28,府教社字第1050123312號
新竹縣私立朗恩文理短期補習班,2016/6/1,新豐鄉保康街22號1-4樓,"立案證書宜更新,定型化契約宜多使用,5F教室應停止使用或報府擴增班舍、建築使用執照不符合規定、建築物地上第5層為教室使用疑似為增建 請依規辦理手續或依規恢復原狀,建築物地上1層為停車空間住宅補習班,現況為補習班使用,與原核准使用不符, 昇降設備未納入建築物公共安全檢查簽證及申報範圍，請依規納入;另經查本昇降設備疑為增建，請依規辦補變更使用、未能定期檢修申報消防安全設備。",限期改善件次,2016/7/28,府教社字第1050122453號
新竹縣私立一心音樂舞蹈短期補習班,2016/6/1,竹北市華興街260號2-3樓,"定型化契約宜多使用, 立案證書宜更新,退費規定宜更新。",限期改善件次,2016/7/28,府教社字第1050122848號
新竹縣私立傅老師美語教學中心短期補習班,2016/5/18,竹東鎮自強路102號2.3樓,"立案證書及定型化契約應更新, 1、4樓有教室但無使用, 應記載.不得記載表格待補。",限期改善件次,2016/7/27,府教社字第1050122432號
新竹縣私立蘇老師文理短期補習班,2016/5/18,竹東鎮自強路374號1，2樓,"無招生文宣, 3f有教室 目前無使用。",限期改善件次,2016/7/27,府教社字第1050099969號
新竹縣私立上上文理短期補習班,2016/5/18,北埔鄉中正路58號1，2樓,3樓增設教室(目前已無使用)，現場未提供自衛編組演練。,限期改善件次,2016/7/27,府教社字第1050122795號
新竹縣私立法老師文理短期補習班,2016/5/18,竹東鎮民德路30號1，2，3，4樓,定型化契約應多使用,限期改善件次,2016/7/27,府教社字第1050099666號
新竹縣私立正佳珠心算短期補習班,2016/5/3,竹北市中正東路50巷18號1樓,"”立案證書宜更新,2樓教室有使用擬辦理擴增班舍，未詳載收費收據規定、未使用定型化契約及個資維護計畫、未置備教職員及學員名冊，2樓原為住宅現為補習班，請依規辦理變更使用、建築物公共安全檢查簽證及申報請盡速申報, 逃生門動線堆置雜物請立即改善、緩降機臂桿長度不足。 ”",限期改善件次,2016/7/27,府教社字第1050122796號
新竹縣私立鉅林文理短期補習班,2016/5/3,芎林鄉文昌街222號1至3樓,設立科類-「課輔」應變更,限期改善件次,2016/7/27,府教社字第1050122358號
新竹縣私立冠希美語會話短期補習班,2016/5/3,芎林鄉芎林村3鄰文昌街159巷2號1樓,"立案證書宜更新, 班級數應辦理增班,退費規定宜更新, 2~3樓有增設教室、2~3樓為補習班使用, 請依規辦理變更使用。",限期改善件次,2016/7/27,府教社字第1050122360號
新竹縣私立史丹佛美語短期補習班,2016/5/3,竹北市光明六路257號2.3樓,"無招生文宣, 退費規定宜詳細些。",限期改善件次,2016/7/27,府教社字第1050099970號
新竹縣私立何嘉仁美語短期補習班,2016/4/26,竹北市縣政十一街71號1.2.3樓,收費收據載明之退費規定宜詳細些、通往頂樓樓梯間及逃生門堆置雜物、現場未提供104年下半年演練。,限期改善件次,2016/7/27,府教社字第1050099955號
新竹縣私立威爾森文理短期補習班,2016/4/26,竹北市縣政十一街112號1，2，3，4樓及光明三路55號1至4樓,教室應補設緊急照明燈。,限期改善件次,2016/7/27,府教社字第1050099968號
新竹縣私立啟宏文理短期補習班,2016/4/6,湖口鄉明德街251號,"市招班名與立案證書不符, 無招收文宣, 3F教室若有使用 請依規報府申請擴增班舍、建築物公共安全檢查簽證及申報未符合規定。",限期改善件次,2016/7/27,府教社字第1050099639號
新竹縣私立佳育英語短期補習班,2016/4/6,竹北市中正西路91號1-3樓,"立案證書應更新, 4f教室已無使用、外師休假擇日再訪。",限期改善件次,2016/7/27,府教社字第1050099638號
私立格林文理短期補習班,2016/3/16,新豐鄉建興路二段796號1、2樓,建興路二段794號1樓擅自增設辦公室及教室、市招班名與立案證書不符、收費收據無退費規定，緊急進口與避難層出入口阻礙、避難器具操作及下降空間不足,限期改善件次,2016/5/3,府教社字第1050061519號
新竹縣私立楊真文理短期補習班十興分班,2016/3/16,竹北市勝利二路26號2樓,立案證書未懸掛、未置備教職員名冊、未提供建築物公共安全檢查簽證及申報、未提供消防防護計畫書、自衛編組訓練成果,限期改善件次,2016/5/3,府教社字第1050061520號
新竹縣私立茱莉亞文理才藝短期補習班,2016/3/16,竹北市博愛街145號2至4樓,博愛街145號1樓擅自增設辦公室.5樓增設教室、緊急進口阻礙、2樓及4樓琴房未設置緊急照明燈,限期改善件次,2016/5/3,府教社字第1050061521號
私立佳仁美語才藝短期補習班,2016/3/2,關西鎮北斗里中興路12號,3F教室應報府擴增班舍、設班基金的帳名應用補習班之班名、設立類科應變更，現場緩降機未保有必要操作面積。,限期改善件次,2016/5/3,府教社字第1050061525號
新竹縣私立冠弘文理短期補習班,2016/3/2,關西鎮西安里老街2號2樓,退費規定可更詳細、無招生文宣,限期改善件次,2016/5/3,府教社字第1050061523號
新竹縣私立立人短期補習班,2016/3/2,關西鎮北平路106號2-4樓,"1F教室使用,應報府擴增班舍或暫停使用、設班基金須補至42萬元、定型化契約請多使用，與立人幼兒園重複遴用防火管理人、現場未提供消防防護計畫。",限期改善件次,2016/5/3,府教社字第1050061524號
新竹縣私立約拿美語短期補習班,2016/3/2,關西鎮正義路111-6號,"擅自變更班址、立案證書應更新、無招生文宣，建築物公共安全檢查未申報, 請立即申報。",限期改善件次,2016/5/3,府教社字第1050061526號
私立萬朵蘭英語學園短期補習班,2016/2/17,竹北市嘉德街52號1樓,立案證書與退費規定宜更新、未使用定型化契約、未置備維護計畫,限期改善件次,2016/5/3,府教社字第1050061532號
新竹縣私立劉欣3號文理短期補習班,2016/2/17,新豐鄉松林街90號1-3樓,"招生類科應變更、「課輔」名稱宜變更，緊急疏口阻礙,請立即改善、一般走廊擬改善(寬度不足240公分)。",限期改善件次,2016/5/3,府教社字第1050061529號
新竹縣私立菁晟文理短期補習班,2016/2/17,竹北市仁義路74號,市招招牌不應有「課輔」招生字樣、應增設「英文」類科，建築物公共安全檢查請盡速依規申報。,限期改善件次,2016/5/3,府教社字第號1050061531
新竹縣私立親親文理短期補習班,2016/2/3,湖口鄉愛勢村信義街3號1-2樓,退費規定與立案證書宜更新，滅火器逾硬性能檢查期限與消防設備檢修申報併同辦理檢查、建議支固架上漆保養。,限期改善件次,2016/5/3,府教社字第1050061567號
私立佳欣文理短期補習班,2016/2/3,湖口鄉明德街310號2樓,"1F為辦公室使用,亦報府申請班舍擴充, 3F以上的教室若使用, 應報府申請、退費規定宜更新、設班基金金額不足，防火管理人105.1.26已受訓, 尚未領到證書, 另消防防護計畫書及自衛編組未提供相關文件。",限期改善件次,2016/5/3,府教社字第1050061538號
新竹縣私立妮可文理短期補習班,2016/2/3,竹北市莊敬三路118號,"市招班名與立案證書不符、設班基金餘額不足、後門出入口應增設一具出口標示燈、美語教師休假, 擇日再訪, 薪資符合規定。",限期改善件次,2016/5/3,府教社字第1050061527號
新竹縣私立邱傅老師文理短期補習班,2016/1/20,新埔鎮成功街62號1-2樓,市招班名與立案證書不符、未使用定型化契約、無招生文宣，請立即申報104年度公安申報(且已掛號證明),限期改善件次,2016/5/3,府教社字第1050061534號
新竹縣私立鳴謙仁愛文理短期補習班,2016/1/20,竹北市文信路235號,未使用定型化契約、無招生文宣，請依規盡快辦理申報(提供申報104證明)。,限期改善件次,2016/5/3,府教社字第1050061536號
新竹縣私立普力文美語文理短期補習班,2016/1/20,竹北市福興東路二段70號1至3樓,市招班名與立案證書不符、未詳載退費規定、未置備定型化契約與個資安全維護計畫、設班基金與意外保險未提供，3F教室未能查看。,限期改善件次,2016/5/3,府教社字第1050061537號
新竹縣私立芮蒂語文短期補習班,2016/1/20,新埔鎮四座里7鄰中正路166號1-2樓,定型化契約應詳細些會更好。,限期改善件次,2016/5/3,府教社字第1050061535號
新竹縣私立佳禾文理短期補習班,2016/1/6,橫山鄉大肚村11鄰永昌街128之2號1樓,市招班牌應詳細呈現市招班名。,限期改善件次,2016/2/5,府教社字第1050020574號
新竹縣私立勵學成功文理短期補習班,2016/1/6,竹北市成功八路102號1樓,擅自擴充班舍、定型化契約應多使用、退費規定宜更新、設班基金宜納入「立案班名」為帳戶名，請盡速依規辦理公安申報，1樓教室未設緊急照明燈、請分隊列管場所宣導進行105年檢修申報於105年3月底前繳交。,限期改善件次,2016/5/3,府教社字第1050061540號
私立珍妮佛文理短期補習班,2016/1/6,竹東鎮大明路60號,"立案證書與退費規定宜更新、現場班級數大於立案證書之班級數, 宜辦理增班、市招班牌應做招牌, 不應只做人形立牌，消防防護計畫書不符合安全規定、未使用附有防火焰標示之窗簾, 地毯，",限期改善件次,2016/5/3,府教社字第1050061522號
私立奪標文理短期補習班,2015/12/16,竹北市光明三路133號2樓,退費規定應更新,限期改善件次,2016/2/5,府教社字第1050020577號
新竹縣私立美育奧福音樂舞蹈短期補習班,2015/12/16,竹北市縣政九路215號2樓,"立案證書未懸掛, 未詳細退費規定, 未使用定型化契約, 未提供個資維護計畫及設班基金、操作空間堆積雜物。未提供建築物公共安全檢查簽證及申報資料",限期改善件次,2016/2/5,府教社字第1050020394號
私立文賢文理短期補習班,2015/12/16,竹北市中山路251號1至3樓,"退費規定宜詳細些, 無招生文宣, 服務契約書待補。",限期改善件次,2016/2/5,府教社字第1050020398號
新竹縣私立古佳正文理技藝短期補習班,2015/12/2,湖口鄉民族街220號,"1F為辦公室使用, 亦報府申請擴增班舍, 4F、5F教室暫停使用,使用時報府申請、檢修申報表「樓地板面積合計」與現場人員表示不一致,請釐清面積。",限期改善件次,2016/2/5,府教社字第1050020575號
新竹縣私立奇力果美語短期補習班,2015/12/2,竹北市光明九路155巷3號2樓,"設班基金移轉定存,未提供消防防護計畫書。",限期改善件次,2016/2/5,府教社字第1050020396號
大總統文化事業有限公司附設新竹縣私立大東海法商短期補習班,2015/12/2,竹北市光明六路229號1-3樓,未備置學員名冊、2樓教室緊急照明燈故障。,限期改善件次,2016/2/5,府教社字第1050020576號
新竹縣私立培德園文理短期補習班,2015/12/2,湖口鄉明德街227號二至三樓,"退費規定另告知家長, 有重新設計之打算, 自評表與定型化契約請補件, 1F為辦公室使用。",限期改善件次,2016/2/5,府教社字第1050020395號
新竹縣私立知欣文理短期補習班興隆分班,2015/11/18,新竹縣竹北市興學街2號1樓及1樓夾層,"市招班名與立案證書不符, 退費規定宜更新、防火管理未符合安全規定, 2F滅火器1具壓力表異常, 2F兩具緊急照明設備故障。",限期改善件次,2015/12/21,府教社字第1040197491號
私立高師文理短期補習班,2015/11/18,竹東鎮中豐路二段402號,"違法經營學校作業輔導, 立案證書宜更新, 退費規定宜更新, 地下室擅自使用未報府(擅自擴充班舍)、(096)府變使字第00047號(01), 經陳文有建築師事務所簽證103年度「建物物公共安全檢查簽證及申報」,但提見改善,請改善完整後再行申報, 經查證系統本案已逾期, 請盡速依規辦理, 地下第001層為教室使用, 請立即停止使用, 合法申請後方能使用。",限期改善件次,2015/12/21,府教社字第1040145613號
新竹縣私立博士府文理短期補習班,2015/11/18,新竹縣竹北市成功七街20號1樓,"立案證書未懸掛, 未使用定型化契約, 未置備教師名冊與個資安全維護計畫, 設班基金不符合、緊急照明設備1具故障。",限期改善件次,2015/12/21,府教社字第1040197488號
私立科建美語短期補習班,2015/11/18,竹東鎮和江街359號1.2.3 樓,"擅自更改班址, 市招班名與立案證書不符, 未詳載退費規定, 未提供設班基金、地上1層G3停車空間應辦理使用執照變更，未提供建築物公共安全檢查簽證及申報資料",限期改善件次,2015/12/21,府教社字第1040145612號
新竹縣私立小太陽文理美語短期補習班,2015/11/4,寶山鄉雙園路二段353號1-2樓,"3F教室應停止使用或報府申請擴增班舍, 租賃交通車文件目前申請中、3樓教室未設滅火器, 3樓教室未設緊急照明燈。",限期改善件次,2015/12/21,府教社字第1040145614號
新竹縣私立童語語文短期補習班,2015/11/4,竹北市文興路一段165號,退費規定宜更新、任美語教師一週上課14小時。,限期改善件次,2015/12/21,府教社字第1040145615號
新竹縣私立學言文理短期補習班,2015/11/4,竹北市東平里7鄰六家五路二段15.17號,未備置個資維護計畫。,限期改善件次,2015/12/21,府教社字第1040145611號
新竹縣私立迪親堡文理短期補習班,2015/11/4,寶山鄉三峰路二段630號,"未詳載退費規定, 未使用定型化契約, 4F教室不能使用應報府申請擴增班舍, 無招生文宣, 立案證書宜更新、防火管理未符合安全規定。",限期改善件次,2015/12/21,府教社字第1040145616號
新竹縣私立冠昱文理短期補習班,2015/10/21,新竹縣湖口鄉中正路二段340號,退費規定宜更新、設班基金待補、消防避難器具開口部阻擋，有操作障礙。,限期改善件次,2015/10/27,府教社字第1040171208號
新竹縣私立春天寫作教室語文短期補習班,2015/10/21,竹北市中央路235、239號1樓,退費收據規定不詳細。,限期改善件次,2015/10/27,府教社字第1040171421號
新竹縣私立翔勝文理才藝短期補習班,2015/10/21,竹北市華興街265巷20號1-3樓,設班基金待補件,限期改善件次,2015/10/27,府教社字第1040171697號
新竹縣私立郁辰文理短期補習班,2015/10/7,新竹縣竹北市勝利六街50號,使用執照用途為停車空間或店舖與現況不符、退費規定宜更新、4支滅火器失壓、廣播無電源、大門出口燈故障。,限期改善件次,2015/10/27,府教社字第1040171698號
私立小貝爾美語會話短期補習班,2015/10/7,竹東鎮大明路40號2樓,"退費規定宜更新、市招班名宜修正與立案證書同名、地上1層使用執照為停車場與住宅,現為補習班行政人員使用,請依建築法規定恢復原狀、96.9.10防護計畫書未送局審查、演練照片與現場不符。",限期改善件次,2015/10/27,府教社字第1040171423號
新竹縣私立竹東佳音英語短期補習班,2015/9/16,新竹縣竹東鎮大林路118號1至4樓,收據退費規定須更新,限期改善件次,2015/10/14,府教社字第1040167084號
智基科技開發股份有限公司附設新竹縣私立志光法商短期補習班,2015/9/16,竹北市光明六路301-6號1-3樓,1樓1具滅火器壓力表異常,限期改善件次,2015/10/14,府教社字第1040167086號
新竹縣私立學群文理短期補習班,2015/9/16,竹東鎮民德路156號1-3樓,立案證書未懸掛、未提供班基金存款證明、未使用定型化契約、收費收據無退費規定、未報本府使用交通車、未使用附有防焰標示之窗簾,限期改善件次,2015/10/15,府教社字第1040166045號
新竹縣私立檸檬樹美語文理短期補習班光明分班,2015/9/16,竹北市光明六路251-2號1-4樓,收據退費規定須更新、設班基金存款應轉定存、2樓1具滅火器壓力表異常,限期改善件次,2015/10/14,府教社字第1040165857號
新竹縣私立名揚文理短期補習班,2015/9/2,湖口鄉新湖路53號,1.3樓出口標示燈故障、3F緊急照明設備故障、2樓缺少緩降機本體,限期改善件次,2015/10/14,府教社字第1040165859號
私立香香舞蹈短期補習班,2015/9/2,湖口鄉忠孝路24之9號3樓,未營業,限期改善件次,,
新竹縣私立楊真文理短期補習班,2015/9/2,新竹縣竹北市光明九路213號1-4樓,未使用定型化契約及個資維護計畫、收費收據無退費規定、未提供建築物公共安全檢查簽證及申報,限期改善件次,2015/10/14,府教社字第1040165559號
新竹縣私立英皇語文短期補習班,2015/9/2,竹北市莊敬三路156號1-4樓,擅自擴充5樓班舍、立案證書未懸掛、未提供班基金存款證明、未使用定型化契約及個資維護計畫、收費收據無退費規定、建築使用執照登記1~4樓，增建第5層立即停止使用、未使用附有防焰標示之窗簾、地毯、RF緊急照明設備故障、4F避難器具燈故障、操作空間堆置桌椅,限期改善件次,2015/10/14,府教社字第1040165858號
網路地球村語文資訊有限公司竹北分公司附設新竹縣私立地球村語文短期補習班,2015/8/19,新竹縣竹北市縣政九路92號1至3樓,未遴任防火管理人、未提供消防防護計畫書,限期改善件次,2015/10/16,府教社字第1040168392號
新竹縣私立華興美語短期補習班,2015/8/19,竹北市華興街169號1-2樓,收據退費規定須更新、避難器具應遵守相關規定、2F避難方向指示燈及出口標示燈各一具故障、2F緊急照明設備1具故障,限期改善件次,2015/10/16,府教社字第1040168394號
新竹縣私立敦品文理短期補習班,2015/8/19,新埔鎮中正路529號1-3樓,市招班名應與立案證書相符、收據退費規定須更新、未提供班基金存款證明、2台緊急照明設備故障、1樓出口標示燈故障..未提供建築物公共安全檢查簽證及申報,限期改善件次,2015/10/29,府教社字第1040171930號
新竹縣私立興盛文理才藝短期補習班,2015/8/19,新埔鎮新關路1310號,收據退費規定須更新、避難器具應遵守相關規定,限期改善件次,2015/10/16,府教社字第1040168393號
新竹縣私立北辰文理短期補習班分班,2015/8/5,竹北市三民路186號一至四樓,班級數與立案證書不符、四樓1具滅火器已逾期、2~4樓避難器具不應設置同一垂直線、部分教室未使用附有防焰標示之窗簾.地毯,限期改善件次,2015/10/16,府教社字第1040168387號
新竹縣私立崋新文理短期補習班,2015/8/5,竹東鎮民德路186號,收據退費規定須更新、未使用附有防焰標示之窗簾、地毯,限期改善件次,2015/10/21,府教社字第1040170359號
新竹縣私立鼓動音樂短期補習班,2015/8/5,竹北市文孝街58號,收據退費規定須更新,限期改善件次,2015/10/16,府教社字第1040168390號
新竹縣私立漢聲文理短期補習班,2015/8/5,竹東鎮中豐路二段135巷10號,收費收據無退費規定、未使用定型化契約、未提供班基金存款證明、未置備個資維護計畫、無學員名冊、未定期檢修申報消防安全設備,限期改善件次,2015/10/16,府教社字第1040168389號
新竹縣私立晨光文理短期補習班,2015/7/29,竹北市勝利三街2號2.3樓,擅自擴增1F班舍,限期改善件次,2015/10/21,府教社字第1040170360號
新竹縣私立優質文理短期補習班,2015/7/29,新豐鄉新庄路145號,未提供班基金存款證明、未辦理建築物公共安全檢查簽證及申報。,限期改善件次,2015/10/21,府教社字第1040170358號
私立長青樹文理短期補習班,2015/7/29,新豐鄉成德街15號,未經核准擅自遷移班址,糾正件次(列入違規紀錄),2015/10/29,府教社字第1040171919號
新竹縣私立予恩語文短期補習班,2015/7/29,新竹縣竹北市光明九路173號1至4樓,未提供消防防護計畫書及自衛編組訓練成果、未辦理104年度建築物公共安全檢查簽證及申報,限期改善件次,2015/10/21,府教社字第1040170356號
私立三方美語短期補習班,2015/7/15,關西鎮石光里312號2樓,"收費收據,定型化契約未使用、未備置個資維護計畫、設班基金未提供。",限期改善件次,2015/10/30,
新竹縣私立大樹美語短期補習班,2015/7/15,竹北市中正東路320號3樓,歇業未報府,停止招生六個月,2015/7/17,府教社字第1040008356號
私立中興文理短期補習班,2015/7/15,關西鎮中興路5號5樓.5樓之1,"招生廣告文宣未提供、收費收據,定型化契約未使用、未備置個資維護計畫、設班基金未提供。",限期改善件次,2015/10/30,
私立康乃薾美語短期補習班,2015/7/15,竹北市縣政二路南段1號1樓,未備置教職員名冊、未備置個資維護計畫、設班基金未提供。,限期改善件次,2015/10/30,
私立羅浮文理短期補習班,2015/6/17,竹北市光明九路119號,現場未提供消防防護計畫,限期改善件次,2015/10/28,府教社字第1040172570號
私立北辰1號文理短期補習班,2015/6/17,竹北市光明二街42號,未報本府使用交通車、現場未提供消防防護計畫、避難器具操作及下降空間不足,限期改善件次,2015/10/28,府教社字第1040173810號
私立智勝文理短期補習班,2015/6/3,新竹縣竹東鎮民德路168號1-3樓,擅自擴充班舍,限期改善件次,2015/10/28,府教社字第1040173742號
私立學文文理短期補習班,2015/5/20,竹北市華興街265巷18號2樓,1、3F擅自擴充班舍、收費收據.定型化契約未使用。,限期改善件次,2015/10/28,府教社字第1040173813號
私立新樺文理短期補習班,2015/5/20,新埔鎮四座里中正路117號,未置備個資維護計,限期改善件次,2015/10/28,府教社字第1001738114號
私立弘亞文理短期補習班,2015/5/20,竹北市華興街288號2樓,"走廊寬度不足,應改善至180cm以上。",限期改善件次,2015/10/28,府教社字第1040172572號
私立博愛文理短期補習班,2015/5/6,竹北市光明六路251號2.3樓、251之1號2.3樓,消防: 依104.3.16檢修申報書缺失未予給善。,限期改善件次,2015/10/28,府教社字第1040172574號
私立艾倫英語短期補習班,2015/5/6,湖口鄉明德街336號1樓,未備置教職員名冊、違法經營兒童課後照顧服務中心之情事、,限期改善件次,2015/10/28,府教社字第1040172573號
私立欣和文理短期補習班,2015/5/6,竹北市仁和街23號1-3樓,增設心算類科未報府申請,限期改善件次,2015/10/28,府教社字第1040173745號
新竹縣私立翰聲文理短期補習班,2015/4/29,竹北市光明二街81巷41號,定型化契約未使用、未置備學員名冊、未置備個資維護計畫、未提供設班基金存款證明、避難層出入口設置栓鎖及封閉、走廊寬度應改善至180cm以上、1F處有2支滅火器藥劑過期(未定期實施性能測試)、緊急照明未設置插座。,限期改善件次,2015/10/29,府教社字第1040171936號
私立康寧英語會話補習班,2015/4/29,竹東鎮公園路39號2-3樓,"擅自擴充班舍、設班基金,個資維護計畫未提供、1F滅火器失壓、斷線測試故障、1F後方教室窗簾未有防焰標示。",限期改善件次,2015/10/29,府教社字第1040171904號
私立欣恩文理短期補習班,2015/4/29,竹北市仁義路80號1樓,設立類科不符合。,限期改善件次,2015/10/29,府教社字第1040171935號
新竹縣私立夏野多元創意短期補習班,2015/4/15,竹北市光明九路64號,未招生未報府,糾正件次(列入違規紀錄),2015/4/23,府教社字第1040008353號
私立加貝文理短期補習班,2015/4/15,竹北市光明三路81號,"1,2樓走廊寬度應改善至大於180cm。",限期改善件次,2015/10/29,府教社字第1040171932號
私立沛騰美語短期補習班,2015/3/18,竹北市十興里光明一路73號,收費收據未詳載退費規定、未備置個資維護計畫、,限期改善件次,2015/10/29,府教社字第1040171912號
私立傑得文理短期補習班,2015/3/18,竹東鎮莊敬路35號1-3樓,"市招班名與立案證書不符、收據,定型化契約,設班基金,教師及學員名冊未提供、2樓滅火器數量不足、未使用附有防焰標示之窗簾地毯。",限期改善件次,2015/10/29,府教社字第1040171911號
新竹縣私立縱橫圍棋短期補習班,2015/3/18,竹北市勝利二路85號2樓,未懸掛立案證書、未使用定型化契約、未備置個資維護計畫、設班基金未提供、公共意外責任保險不符合、窗簾未有防焰標示。,限期改善件次,2015/10/29,府教社字第1040171913號
私立米勒文理短期補習班,2015/3/18,竹東鎮中央路49號1、2樓,市招班名與立案證書不符、未辦理建物公安申報簽證、梯間避難方向指示燈未亮。,限期改善件次,2015/10/29,府教社字第1040171910號
私立捷登文理短期補習班,2015/3/4,竹北市莊敬北路148號,收費收據未詳載退費規定、未置備教職員名冊、未備置個資維護計畫、設班基金未提供、公共意外責任保險不符合、建築物使用執照待補件、建築物公共安全檢查簽證及申報待補件。,限期改善件次,2015/10/29,府教社字第1040171906號
私立奪標文理短期補習班,2015/2/25,竹北市光明三路133號2樓,暫停招生,限期改善件次,,
私立佳學英語短期補習班,2015/2/25,竹北市光明三路128號,"收費收據無退費規定、未置備教職員,學員名冊與個資維護計畫、未提供設班基金存款證明、3樓避難器具之固架鏽蝕。",限期改善件次,2015/3/3,府教社字第1040022232號
私立名師文理短期補習班,2015/2/4,新豐鄉孝五街68號1.2樓,未置備維護計畫、設班基金不合格、緊急照明設備多具測試不亮，未使用附有防焰標示之窗簾、地毯，請改善。,限期改善件次,2015/10/29,府教社字第1040171907號
新竹縣私立冠昱文理短期補習班,2015/2/4,湖口鄉中正路二段340號,"未置備維護計畫、設遴選管理人員上課並取得證書及依規辦理編組演練、避難器具受布幕阻礙,請依規改善、定期檢修申報消防安全設備未出具,請依規申報。",限期改善件次,2015/10/29,府教社字第1040171909號
新竹縣私立福田學堂文理短期補習班,2015/2/4,湖口鄉愛勢村29鄰民生街223號1-2樓,未置備維護計畫、未提供消防防護計畫書及自衛編組演練成果,限期改善件次,2015/10/29,府教社字第1040171901號
新竹縣私立樂格思文理短期補習班,2015/1/28,竹北市中正東路91巷15號2-3樓,已辦理歇業,公告撤銷立案,2015/10/14,府教社字第1040167082號
新竹縣私立知欣文理短期補習班,2015/1/28,竹北市福興東路一段142號及146號1-2樓及竹北市自強三路3號1-2樓,"未提供設班基金,個資維護計畫、實施防火管理未設合格、3具滅火器過期,2具滅火器失壓、消防安全設備未定期檢修申報",限期改善件次,2015/10/29,府教社字第1040171902號
私立自強文理短期補習班,2015/1/7,竹東鎮康寧街54號1，2樓,未使用定型化契約及個資維護計畫、交通車未報府申請、未提供設班基金存款證明及教職員名冊、滅火器已逾期。,限期改善件次,2015/3/9,府教社字第1040036613號
新竹縣私立宏音音樂技藝短期補習班,2015/1/7,竹東鎮民德路22號1-3樓,"未提供建築物公共安全檢查簽證及申報,未提供建築使用執照、收費收據無退費規定、未置備教職員名冊與個資維護計畫、2具滅火器壓力過大、避難器具下降空間有障礙。",限期改善件次,2015/3/3,府教社字第1000222364號
私立韓老師文理短期補習班,2015/1/7,竹東鎮東峰路266號1.2樓,未報本府使用交通車。,限期改善件次,2015/3/9,府教社字第1040036560號
新竹縣私立亞碩文理才藝短期補習班,2012/8/14,竹北市縣政六路38號1-2樓,1.未提供防火管理人、消防防護計畫書及自衛消防編組演練資料,限期改善件次,2012/9/26,府教社字第1010144462
私立向日葵文理短期補習班,2012/8/1,竹東鎮康寧街87巷16號1，2樓,1.未提供建築物使用執照 2.未提供建築物公共安全檢查簽證及申報資料 3.立案證書未懸掛 4.未提供定型化契約 5.未提供設班基金存款證明 5.未提供收費收據 6.未提供公共意外險保單,限期改善件次,2012/10/2,府教社字第1010145829號
新竹縣私立小天使才藝短期補習班,2012/7/25,竹北市光明二街40號,1.未辦理建築物公共安全查核簽證及申報 2.未使用定型化契約 3.立案證書未懸掛 4.設班基金存款不足 5.收據未註明退費規定 6.未提供聘用師資資料 7.未提供公共意外責任險保單,限期改善件次,2012/9/26,府教社字第101014464號
新竹縣私立奇力果美語短期補習班,2012/7/25,竹北市光明十街一段41巷5號,1.收據未註明退費規定,限期改善件次,2012/10/2,府教社字第1010145830號
私立橡樹語文短期補習班,2012/7/11,竹北市縣政二路16號1-2樓,1.未完成101年度建物公共安全檢查簽證及申報,限期改善件次,2012/7/23,府教社字第1010097063號
新竹縣私立陳老師文理短期補習班,2012/7/11,竹北市縣政十三路98號,1.未提供建築物公共安全檢查簽證及申報 2.班基金存款不足 3.收據未註明退費規定 4.立案證書未掛於明顯處 5.緊急照明設備一具被遮蔽,限期改善件次,2012/7/23,府教社字第1010095931號
新竹縣私立北聯文教文理短期補習班,2012/7/11,竹北市縣政十三路92號1.2樓,1.未辦理101年度建物公共安全檢查簽證及申報 2.立案證書未掛於明顯處 3.未使用定型化契約 4.未提供班基金存款證明 5.未提供公共意外責任險保單 6.未提供消防防護計畫書及自衛消防編組演練相關資料 7.滅火器2具失壓,限期改善件次,2012/7/20,府教社字第1010094721號
新竹縣私立麻吉文理才藝短期補習班,2012/7/11,竹北市縣政14街50號1-3樓,1.未提供建物公共安全檢查簽證及申報資料 2.未提供班基金存款證明 3.收據未註明退費規定 4.未提供公共意外責任險保單,限期改善件次,2012/7/20,府教社字第1010094720號
新竹縣私立嘉興文理短期補習班,2012/7/4,竹北市勝利二路61號1-3樓,1.未辦建築物公共安全檢查簽證及申報 2.班名不符 3.未使用定型化契約,限期改善件次,2012/7/17,府教社字第1010093275號
新竹縣私立澳爾文理才藝短期補習班,2012/7/4,竹北市莊敬二街20號2樓,1.未辦理建物公共安全檢查簽證及申報 2.收據未註明退費規定 3.未使用定型化契約 4.未提供定期檢修申報消防安全設備資料,限期改善件次,2012/7/17,府教社字第1010093276號
私立史丹佛美語短期補習班,2012/6/27,竹北市光明六路257號2.3樓,收費收據未註明退費規定,限期改善件次,2012/8/6,府教社字第1010098355號
私立何嘉仁美語短期補習班,2012/6/20,竹北市縣政十一街71號1.2.3樓,班級數不符,限期改善件次,2012/6/20,府教社字第1010112695號
私立威爾森文理短期補習班,2012/6/20,竹北市縣政十一街112號1，2，3，4樓及光明三路55號1至4樓,1.建管安全依建築物公共安全檢查簽證及申報資料為準 2.班名不符 3.未提供班基金存款證明 4.緊急照明設備不足,限期改善件次,2012/6/20,府教社字第1010087075號
新竹縣私立劉欣2號文理短期補習班,2012/6/13,新豐鄉忠孝路73號,屋頂避難平臺出入口有雜物堆置,限期改善件次,2012/6/15,府教社字第1010079999號
私立劉欣文理短期補習班,2012/6/13,新豐鄉忠孝路20號1，2樓,1.未辦理建物公共安全檢查簽證及申報 2.屋頂避難平臺出入口有雜物堆置 3.班名不符,限期改善件次,2012/6/15,府教社字第1010079998號
新竹縣私立一心音樂舞蹈短期補習班,2012/6/13,竹北市華興街260號2-3樓,1.建管安全依建物公共安全檢查簽證及申報為准 2.收據未註明退費規定,限期改善件次,2012/6/15,府教社字第1010080007號
私立劉杰文理補習班,2012/6/13,竹北市華興街164號2樓,1.室內走道寬度不足直通樓梯雜物堆置 2.其他檢查依建物公共安全檢查簽證及申報為准 3.未使用定型化契約 4.收費收據未註明退費規定 5.師資聘用未合規定,限期改善件次,2012/6/25,府教社字第1010080364號
私立冠希美語會話短期補習班,2012/6/6,芎林鄉芎林村3鄰文昌街159巷2號1樓,合格結案,限期改善件次,2012/8/6,府教社字第1010098354號
新竹縣私立康淇文理短期補習班,2012/6/6,竹北市光明九路72號1樓,1.請依規辦理建築物公共安全檢查簽證及申報 2.未提供班基金存款證明 3.交通車未向本府備查,限期改善件次,2012/8/7,府教社字第1010112835號
新竹縣私立夏野多元創意短期補習班,2012/6/6,竹北市光明九路64號,1.立案證書未掛於明顯處 2.未使用定型化契約 3.未提供設班基金證明 4.未提供公共意外責任險保單 5.交通車未向本府備查,限期改善件次,101-08-06,府教社字第1010113169號
私立小巨人文理短期補習班,2012/5/30,新豐鄉中興街91號1，2樓,1.未使用定型化契約 2.班級數不符 3.班基金存款不足 4.緊急照明設備數量不足,限期改善件次,2012/6/15,府教社字第1010079996號
新竹縣私立朗恩文理短期補習班,2012/5/30,新豐鄉保康街22號1-4樓,1.未申報建築物公共安全檢查簽證及申報 2.停車空間應回復 3.室內裝修行為應提申請許可 4.立案證書未懸掛於明顯處 5.未使用定型化契約 6.收費收據未註明退費規定 7.避難器具及緊急照明設備不足,限期改善件次,2012/6/7,府教社字第1010074369號
新竹縣私立天籟文理短期補習班,2012/5/22,新豐鄉松林街88號1-4樓,1.未提供防火管理人、消防防護計畫書及自衛消防編組演練資料 2.未使用有防焰標示之窗簾,限期改善件次,2012/5/28,府教社字第1010068025號
新竹縣私立惍明美語短期補習班,2012/5/22,竹北市光明九路157號2樓,1.未提供建物公安簽證及申報資料 2.收費收據無退費規定 3.,限期改善件次,2012/5/23,府教社字第1010114603號
私立格林文理短期補習班,2012/5/22,新豐鄉建興路二段796號1，2樓,1.未提供各科師資明確資料 2.未提供師資聘用資格資料 3.避難器具未放置現場 4.緊急照明燈未保持正常使用狀態,限期改善件次,2012/5/28,府教社字第1010068030號
私立宇文文理短期補習班,2012/5/22,新竹縣新豐鄉松林街86號1-3樓,1.未提供建物公安簽證及申報資料 2.類科不符 3.未提供設班基金存款證明 4.未投保公共意外責任險 5.交通車未備查 6.防火管理人資格過期 7.未提供消防防護計畫書及自衛消防編組演練資料 8.避難器具緩降機下降空間受阻 8.未提供定期檢修申報消防安全設備資料,限期改善件次,2012/5/28,府教社字第1010068028號
私立古佳佑美語電腦補習班,2012/5/15,新豐鄉福德街19號.23號.17-2號1樓,1.未使用定型化契約 2.班基金存款不足 3.出口標示燈及避難方向指示燈不足,限期改善件次,2012/6/7,府教社字第1010070402號
私立鴻文文理短期補習班,2012/5/15,新豐鄉福德街48，50號1樓,1.未提供建物公安簽證及申報資料 2.收費收據無退費規定 3.避難方向指示燈及緊急照明設備不足,限期改善件次,2012/6/7,府教社字第1010070404號
私立郭淑惠舞蹈學苑短期補習班,2012/5/8,竹北市四維街208號2樓,未使用定型化契約,限期改善件次,2012/5/9,府教社字第1010059738號
新竹縣私立小小科學家文理短期補習班,2012/5/8,竹北市博愛街170號3樓之2,1.未提供建物公共安全檢查簽證及申報資料 2.二樓二間教室原為店舖用途 3.未使用定型化契約 4.收費收據未註明退費規定,限期改善件次,2012/6/7,府教社字第1010070403號
新竹縣私立群英短期補習班,2012/4/24,關西鎮北平路88號,未使用定型化契約,限期改善件次,2012/5/8,府教社字第1010059631號
新竹縣私立立人短期補習班,2012/4/24,關西鎮北平路106號2-4樓,1.未定期辦理建物公共安全簽證及申報 2.未以班名開設班基金 3.收費收據未註明退費規定,限期改善件次,2012/5/8,府教社字第1010059629號
新竹縣私立冠弘文理短期補習班,2012/4/17,關西鎮西安里老街2號2樓,1.類科及班級數不符,限期改善件次,2012/5/7,府教社字第1010055164號
新竹縣私立露比美語短期補習班,2012/4/17,關西鎮西安里仁愛街5號,1.室內走廊通往樓梯走道阻礙 2.未使用定型化契約 3.收費收據未註明退費規定 4.類科及班級數不符 5.未提供消防防護計畫書,限期改善件次,2012/5/7,府教社字第1010055163號
私立正佳珠心算短期補習班,2012/4/17,竹北市中正東路50巷18號1樓,1.未提供設班基金存款證明 2.收費收據未註明退費規定,限期改善件次,2012/5/7,府教社字第1010055241號
新竹縣私立劉欣4號文理短期補習班,2012/4/11,湖口鄉明德街209號,1.未提供建物公共安全檢查簽證及申報資料 2.立案證書未懸掛明顯處 3.班名不符 4.公共意外責任險逾期 5.未提供消防防護計畫書,限期改善件次,2012/5/7,府教社字第1010055170號
新竹縣私立郭老師英語短期補習班,2012/4/11,竹北市中正東路443號,1.未提供公共安全檢查簽證及申報資料 2.涉及室內裝修行為應補附相關資料 3.立案證書未懸掛於明顯處 4.未設立班基金存款 4.未投保公共意外積任險 5.未提供防火管理人、消防防護計畫及自衛消防編組演練資料 6.避難器具下降空間不足,限期改善件次,2012/5/7,府教社字第1010055169號
私立上上文理短期補習班,2012/4/5,北埔鄉中正路58號1，2樓,未依規定申請增班,限期改善件次,2012/5/4,府教社字第1010055184號
私立傅老師美語教學中心短期補習班,2012/3/28,竹東鎮自強路102號2.3樓,1.工務處另行查面 2.交通車未備查,限期改善件次,2012/5/4,府教社字第1010055178號
私立尖端美語短期補習班,2012/3/28,竹東鎮竹中路87號2樓,1.工務處另行查面 2.交通車未備查,限期改善件次,2012/5/4,府教社字第1010055176號
私立綠拇指美語珠心算短期補習班,2012/3/21,竹東鎮光明路106號1樓，地下室1樓,1.一樓前側雨遮增建部分屬違建 2.一樓右側外牆開口變更 3.,限期改善件次,2012/5/7,府教社字第1010055165號
私立法老師文理短期補習班,2012/3/21,竹東鎮民德路30號1，2，3，4樓,1.屋頂避難平台及1樓後側增建屬違建 2.屬非供公眾使用建物，不得招收學齡前兒童及國小學童 3.未提供設班基金存款證明,限期改善件次,2012/5/4,府教社字第1010055120號
新竹縣私立安馨短期補習班,2012/3/21,竹北市中正西路2047號1-3樓,1.地上1樓後側增建部分屬違建 2.屬非供公眾使用建物，不得招收學齡前兒童及國小學童,限期改善件次,2012/5/4,府教社字第1010055123號
私立Monica美語短期補習班,2012/3/21,竹東鎮光明路76巷38號1，2樓,1.屋頂避難平台、一二樓前側雨遮及四五樓增建屬違建 2.屬非供公眾使用建物，不得招收學齡前兒童及國小學童 3.未提供設班基金存款證明,限期改善件次,2012/5/4,府教社字第1010055180號
私立學立文理短期補習班,2012/3/15,新竹縣竹東鎮民德路150號一樓及2樓,1.設立類科不符 2.未提供設班基金存款證明 3.未提供公共意外責任險保單,限期改善件次,2012/4/25,府教社字第1010055286號
新竹縣私立丹佛文理短期補習班,2012/3/15,竹東鎮中央路3號1-2樓,收費收據未註明退費規定,限期改善件次,2012/4/25,府教社字第1010055283
私立慷檸英語短期補習班,2010/12/22,竹東鎮中興路三段392號1，2樓,未使用定型化契約、未提供建築物公安申報資料、收費收據之退費標準應更正,糾正件次(列入違規紀錄),2010/12/23,府教社字第0990197354號
私立名喬音樂短期補習班,2010/9/7,竹北市三民路137巷5號1樓,未使用定型化契約，未提供班基金存款證明,限期改善件次,2010/9/13,府教社字第0990149912號
私立築夢舞蹈短期補習班,2010/9/7,竹東鎮長安路18號,未提供建築物公共安全檢查簽證及申報資料，未提供班基金存款證明，收費收據無退費規定，未實施防火管理，未備有滅火器、標示設備、避難器具、緊急照明設備，未使用附有防焰標示之窗簾，未定期檢修申報消防安全設備,限期改善件次,2010/9/13,府教社字第0990149914號
私立哈佛文理短期補習班,2010/9/7,竹東鎮東林路179號1-3樓,未提供班基金存款證明,限期改善件次,2010/9/13,府教社字第0990149915號
私立格伶外語短期補習班,2010/9/7,竹東鎮興農路85號2樓,超過三個月未營業,糾正件次(列入違規紀錄),,
私立貝爾實驗美語會話短期補習班,2010/8/31,新埔鎮中正路706號1樓,未提供建築物公共安全檢查簽證及申報資料，收費收據無退費規定,限期改善件次,2010/9/9,府教社字第0990147678號
私立範勳文理短期補習班,2010/8/31,"竹北市縣政十二街36號1,2樓、竹北市縣政十二街36號",未提供建築物公共安全檢查簽證及申報資料,限期改善件次,2010/9/9,府教社字第0990147677號
私立勵學文理短期補習班,2010/8/31,新埔鎮中正路700號1樓,未提供建築物公共安全檢查簽證及申報資料,限期改善件次,2010/9/9,府教社字第0990147677號
私立華盛頓美語會話短期補習班,2010/8/25,湖口鄉民族街175號1樓,未使用定型化契約，未提供班基金存款證明，收費收據無退費規定,限期改善件次,2010/8/31,府教社字第0990144907號
私立林桂洪美容短期補習班,2010/8/25,湖口鄉忠孝路20號1樓,99.10.4註銷立案,限期改善件次,,
私立頂尖美語會話補習班,2010/8/25,湖口鄉信全街27巷10號1樓,未提供班基金存款證明,限期改善件次,2010/8/31,府教社字第0990144908號
私立安妮學園文理才藝短期補習班,2010/8/25,竹北市光明九路55號,未使用定型化契約，未提供班基金存款證明，收費收據無退費規定,限期改善件次,2010/8/31,府教社字第0990144906號
私立自強文理短期補習班,2010/8/18,竹東鎮康寧街54號1，2樓,未懸掛立案證書，未提供班基金存款證明，避難方向指示燈及出口標示燈功能不佳，未定期檢修申報消防安全設備,限期改善件次,2010/8/27,府教社字第0990143976號
私立康寧英語會話補習班,2010/8/18,竹東鎮公園路39號2-3樓,未以補習班名義設立班基金存款,限期改善件次,2010/10/4,府教社字第0990151096號
私立傑得文理短期補習班,2010/8/12,竹東鎮莊敬路35號1-3樓,收費收據無退費規定，未提供班基金存款證明，未實施防火管理,限期改善件次,2010/8/27,府教社字第0990143970號
私立韓老師文理短期補習班,2010/8/12,竹東鎮東峰路266號1.2樓,收費收據無退費規定,限期改善件次,2010/8/27,府教社字第0990143972號
新竹縣私立百分百文理短期補習班,2010/8/5,新豐鄉福興村9鄰11股87-3號1樓,未使用定型化契約，未以補習班名義設立班基金存款，未定期檢修申報消防安全設備,限期改善件次,2010/8/6,府教社字第0990129823號
私立晨光文理短期補習班,2010/8/5,竹北市勝利三街2號2.3樓,未提供建築物公共安全檢查簽證及申報資料，未實施防火管理，避難器具操作及下降空間不足，未使用附有防焰標示之窗簾地毯,限期改善件次,2010/8/6,府教社字第0990123940號
私立英皇語文短期補習班,2010/8/5,竹北市莊敬三路156號1-4樓,未提供建築物公共安全檢查簽證及申報資料，未使用定型化契約，未提供班基金存款證明，未實施防火管理，避難器具功能不佳、操作及下降空間不足，未定期檢修申報消防安全設備,限期改善件次,2010/8/6,府教社字第0990129987號
私立文星美語短期補習班,2010/7/29,關西鎮大德街86號2至3樓,未提供建築物公共安全檢查簽證及申報資料，未提供班基金存款證明，收費收據無退費規定，未提供消防防護計畫書，未實施自衛消防編組演練，避難器具操作及下降空間不足，未使用附有防焰標示之窗簾地毯,限期改善件次,2010/8/5,府教社字第0990129620號
私立文賢文理短期補習班,2010/7/29,竹北市中山路251號1至3樓,未提供建築物公共安全檢查簽證及申報資料，未使用定型化契約，未提供班基金存款證明,限期改善件次,2010/8/5,府教社字第0990129619號
名揚文理短期補習班,2010/7/22,湖口鄉新湖路53號,未提供建築物公共安全檢查簽證及申報資料，未提供班基金存款證明，避難器具操作及下降空間不足，避難指示燈故障,限期改善件次,2010/7/28,府教社字第0990124041號
私立捷登文理短期補習班,2010/7/15,竹北市莊敬北路148號,未提供建築物公共安全檢查簽證及申報資料，未使用定型化契約，增設英文2班、珠心算2班，收費收據無退費規定，避難方向指示燈及緊急照明設備故障,限期改善件次,2010/8/16,府教社字第0990135187號
私立水水藝術短期補習班,2010/7/15,竹北市莊敬北路88號,未提供建築使用執照、未提供建築物公共安全檢查簽證及申報資料，收費收據無退費規定,限期改善件次,2010/8/16,府教社字第0990135194號
新竹縣私立敦品文理短期補習班,2010/7/15,新埔鎮中正路529號1-3樓,未提供建築使用執照、未提供建築物公共安全檢查簽證及申報資料，收費收據無退費規定,限期改善件次,2010/8/16,府教社字第0990135194號
私立興盛文理才藝短期補習班,2010/7/15,新埔鎮新關路1310號,未提供建築物公共安全檢查簽證及申報資料，未使用附有防焰標示之窗簾地毯,限期改善件次,2010/8/16,府教社字第0990135197號
私立高師文理短期補習班,2010/7/8,竹東鎮中豐路二段402號,未提供建築物公共安全檢查簽證及申報資料，應以補習班名義設立班基金存款，2樓出口標示燈故障,限期改善件次,2010/7/12,府教社字第0990115505號
私立漢聲文理短期補習班,2010/7/8,竹東鎮中豐路二段135巷10號,未提供建築物公共安全檢查簽證及申報資料，未以補習班名義設立班基金存款，收費收據無退費規定,限期改善件次,2010/7/12,府教社字第0990115659號
私立萊恩文理短期補習班,2010/7/8,竹北市勝利五路95號,1.收費收據無退費規定。2.未實施自衛消防編組演練，2樓出口標示燈故障，手動報警機之火警標示燈未保持明亮。,限期改善件次,2010/7/12,教社字第0990115587號
私立洛伊美語短期補習班,2010/7/1,竹北市自強六街42號,加盟MPM數學，需增班並改為文理補習班,限期改善件次,2010/7/6,府教社字第0990111162號
私立鼓動音樂短期補習班,2010/7/1,竹北市文孝街58號,招牌未加註完整立案名稱,限期改善件次,2010/7/6,府教社字第0990111163號
私立米勒文理短期補習班,2010/7/1,竹東鎮中央路49號1、2樓,未提供建築物公共安全檢查簽證及申報資料,限期改善件次,2010/7/6,府教社字第0990111164號
私立珍妮佛文理短期補習班,2010/6/24,竹東鎮大明路60號,收費收據無退費規定，未使用附有防焰標示之窗簾、地毯,限期改善件次,2010/7/23,府教社字第0990120164號
私立江亦帆數位音樂中心新竹分校短期補習班,2010/6/24,竹北市光明六路東一段243號4樓,未提供建築物公共安全檢查簽證及申報資料，班基金存款不足，收費收據無退費規定，未依規投保公共意外責任險,限期改善件次,2010/7/23,府教社字第0990120154號
私立奪標文理短期補習班,2010/6/24,竹北市光明三路133號2樓,未提供建築物公共安全檢查簽證及申報資料,限期改善件次,2010/7/23,府教社字第0990120156號
新竹縣私立艾莉絲美語短期補習班,2010/6/18,竹北市光明九路157號2樓,擅自遷址(2樓->1樓),糾正件次(列入違規紀錄),2010/6/18,990092660
私立佳佳文理短期補習班,2010/6/14,竹東鎮中興路3段250之1號1樓,擅自遷址,限期改善件次,2010/6/14,990087039
私立古佳正美語短期補習班,2010/6/11,湖口鄉民族街220號,未提供建築物公共安全檢查簽證及申報資料,限期改善件次,2010/6/29,府教社字第09900963377號
私立北辰1號文理短期補習班,2010/6/11,竹北市光明二街42號,未提供建築物公共安全檢查簽證及申報資料，未使用定型化契約,限期改善件次,2010/6/29,府教社字第0990096383號
私立英世代電腦美語短期補習班,2010/6/2,新豐鄉福德街48，50號1樓,班名未依規定書寫,糾正件次(列入違規紀錄),,
私立優質文理短期補習班,2010/5/27,新豐鄉新庄路145號,98未做公安申報，未提供房屋使用執照，滅火器壓力失壓,限期改善件次,2010/5/31,府教社字第0990082521號
私立捷恩文理才藝短期補習班,2010/5/27,竹北市竹北市中正西路21號2樓,未使用定型化契約,限期改善件次,2010/5/31,府教社字第0990082719號
私立林洪桂美容短期補習班,2010/5/18,湖口鄉忠孝路20號1樓,擅自遷址,糾正件次(列入違規紀錄),2010/5/15,990075059
私立文賢文理短期補習班,2010/5/17,竹北市中山路251號1至3樓,開設美術班招收幼稚園學生,糾正件次(列入違規紀錄),2010/5/17,990071488
私立康乃薾美語短期補習班,2010/5/13,竹北市縣政二路南段1號1樓,未使用定型化契約，未申報消防防護計畫書及自衛消防編組演練,限期改善件次,2010/5/18,府教社字第0990075063號
新竹縣私立許杰東寧分班文理短期補習班,2010/5/13,竹東鎮東寧路三段21號5樓,未提供建築物公共安全檢查簽證及申報資料，未提供班基金存款證明，出口標示燈功能不佳，緊急照明設備功能不佳，未定期檢修申報消防安全設備,限期改善件次,2010/5/18,府教社字第0990075062號
私立欣和文理短期補習班,2010/5/13,竹北市仁和街23號,未使用定型化契約，增設英文1班，收費收據無退費規定，滅火藥劑超過保存期限，避難方向指示燈及出口標示燈功能不佳，緊急照明設備功能不佳,限期改善件次,2010/5/18,府教社字第0990075060號
私立許杰文理短期補習班,2010/5/13,竹東鎮自強路363號1-2樓及361號2樓,未提供建築物公共安全檢查簽證及申報資料，未提供班基金存款證明，未提出具實施防火果理檢核資料,限期改善件次,2010/5/18,府教社字第0990075061號
私立羅浮文理短期補習班,2010/4/29,竹北市光明九路119號,”立案證書未懸掛明顯處；增設英,限期改善件次,,
私立新樺文理短期補習班短期補習班,2010/4/29,新埔鎮四座里中正路117號,收費收據未有退費規則,限期改善件次,,
私立年代美語會話短期補習班,2010/4/19,新埔鎮中正路178號1.2.3樓,超過三個月未營業,糾正件次(列入違規紀錄),2010/4/19,990005125
私立學仕家美語短期補習班,2010/4/15,新豐鄉復興街8號1-2樓,市招班名與立案名稱不符；增設作文、心算2班,限期改善件次,2010/4/16,府教社字第0990055135號
私立百奕文理短期補習班,2010/4/15,竹北市華興街一街20號1.2樓,增設自然1班,限期改善件次,2010/4/16,府教社字第0990055133號
私立 學文文理短期補習班,2010/4/15,竹北市華興街265巷18號,”未使用定型化契約；未提供消防,限期改善件次,2010/4/16,府教社字第0990055134號
私立山林美語短期補習班,2010/4/14,竹北市三民路184巷2-1號,超過三個月未營業,糾正件次(列入違規紀錄),2010/4/14,990005121
私立成聲文理短期補習班,2010/4/14,竹北市家豐六路一段59號2樓,超過三個月未營業,糾正件次(列入違規紀錄),2010/4/15,990005122
私立沛騰美語短期補習班,2010/4/1,竹北市十興里光明一路73號,出口標示燈功能不佳,限期改善件次,2010/4/6,府教社字第0990047342號
私立如果國際藝術事業有限公司附設新竹私立如果活力戲劇短期補習班,2010/4/1,竹北市十興里莊敬三路188號1樓,未使用定型化契約；市招班名與立案班名不符；緊急照明燈一具失效；滅火器三具壓力不足,限期改善件次,2010/4/2,府教社字第0990050003號
私立赫婕文理短期補習班,2010/4/1,湖口鄉新湖路113號,”收費收據未有退費規則；增設美,限期改善件次,2010/4/6,府教社字第0990047336號
私立時代美語會話短期補習班,2010/4/1,竹北市光明六路267號2樓,擅自遷址,糾正件次(列入違規紀錄),2010/4/2,990049772
私立資優英語會話短期補習班,2010/4/1,竹北市中正西路194號1，2樓,擅自遷址,糾正件次(列入違規紀錄),2010/4/2,990049774
私立豐東文理短期補習班,2010/4/1,竹東鎮和江街439巷7弄12號1樓,擅自遷址,糾正件次(列入違規紀錄),2010/4/2,990049240
私立林洪桂美容短期補習班,2010/3/24,湖口鄉忠孝路20號1樓,超過三個月未營業,糾正件次(列入違規紀錄),2010/4/9,990005116
私立主人翁心算短期補習班,2010/3/23,竹北市三民路103號1樓,超過三個月未營業,糾正件次(列入違規紀錄),2010/4/9,990005115
私立羽迦美容髮型短期補習班,2010/3/23,竹北市四維街73號1樓,超過三個月未營業,糾正件次(列入違規紀錄),2010/4/9,990005114
私立薇格文理短期補習班,2010/3/23,竹北市縣政六路30號一樓,超過三個月未營業,糾正件次(列入違規紀錄),2010/4/9,990005113
私立達文西美語短期補習班,2010/3/18,竹北市勝利二路77號1-2樓,市招班名與立案名稱不符；收費收據無退費規定,限期改善件次,2010/3/19,府教社字第0990038548號
私立楊真文理短期補習班,2010/3/18,新竹縣竹北市光明九路213號1-4樓,市招班名與立案名稱不符；增設數學2班,限期改善件次,2010/3/19,府教社字第0990038547號
私立立得文理短期補習班,2010/3/4,竹北市復興五街6號,於嘉興路50號1-3樓增設教室；收費收據無退費規定；尚未申請個資執照,限期改善件次,2010/3/17,府教社字第0990038488號
私立資優英語會話短期補習班,2009/12/14,竹北市中正西路194號1，2樓,,糾正件次(列入違規紀錄),,
私立瑞格美語會話短期補習班,2009/10/19,竹東鎮仁愛路220號1樓,,限期改善件次,,
私立一鼎文理短期補習班,2009/8/20,湖口鄉信勢村力行街66號1樓,請盡速使用定型化契約,限期改善件次,2009/9/18,府教社字第0980151371J號
私立慈宏文理短期補習班,2009/8/20,湖口鄉新興路370號2樓,請盡速使用定型化契約、增設課輔班一班、收費收據未載明退費規定,限期改善件次,2009/9/18,府教社字第0980151371K號
私立高仕電腦短期補習班,2009/8/13,竹北市縣政11街53號,樓梯堆放雜物，請盡速清除；增設數學一班、收費收據退費規定請盡速更新,限期改善件次,2009/9/18,府教社字第0980151371F號
私立文成學苑美語會話短期補習班,2009/7/30,關西鎮博愛路71-6號,1. 請盡速將立案證書懸掛於明顯處、請使用定型化契約、收費收據未載明退費規定,限期改善件次,2009/9/18,府教社字第0980151371D號
私立佳聲英語會話短期補習班,2009/7/23,新豐鄉學府街70號1，2樓,收費收據未載明退費規定；未提出消防防護計畫書,限期改善件次,2009/9/18,府教社字第0980151371A號
私立力弘文理短期補習班,2009/7/23,竹北市仁義路201號2樓,未提供建物公安申報相關資料；請盡速將立案證書懸掛於明顯處；未提出消防檢修申報書,限期改善件次,2009/9/18,府教社字第0980151371C號
檸檬樹美語短期補習班,2009/7/23,竹北市勝利二街26號2樓,收費收據未載明退費規定；提出消防防護計畫書,限期改善件次,2009/9/18,府教社字第0980151371B號
私立北一文理短期補習班,2009/7/2,竹北市中泰路8號1樓,未於立案補習班班址授課；未使用定型化契約；收費收據未有退費規定,限期改善件次,2009/7/22,府教社字第0980120053號
私立名喬音樂短期補習班,2009/7/2,竹北市三民路137巷5號1樓,未使用定型化契約；收費收據未有退費規定；請以補習班名義設立基金存款；未投保公共意外責任險,限期改善件次,2009/7/22,府教社字第0980120054號
私立弘亞文理短期補習班,2009/6/4,竹北市華興街288號2樓,一樓部分未辦理變更使用執照；立案樓層為二樓，一樓非補習班用途；未遴任防火管理人、未提出消防防護計畫書、未進行自衛消防編組演練，另二樓教室缺三具緊急照明設備,限期改善件次,2009/6/22,府教社字第0980095534號
私立學成文理短期補習班,2009/6/4,竹北市縣政13路92號1.2樓,未使用定型化契約、未設立班基金存款、未提出消防防護計畫書,限期改善件次,2009/6/4,府教社字第0980095533號
私立崋新文理短期補習班,2009/5/21,竹東鎮民德路186號,未使用定型化契約,限期改善件次,2009/6/19,府教社字第0980095522號
私立新英格蘭文理短期補習班,2009/5/21,竹北市莊敬北路142號1.2樓,未使用定型化契約；未設立基金存款；未遴任防火管理人、未提出消防計畫書、未進行自衛消防編組演練,限期改善件次,2009/6/22,府教社字第0980095532號
私立台大顏老師文理短期補習班,2009/5/7,關西鎮大同路28號,收費收據未有退費規定；一樓一具滅火器壓力不足，另檢修報告書應將二樓補習班部分列入申報樓層,限期改善件次,2009/5/27,府教社字第0980079889號
私立中興文理短期補習班,2009/5/7,關西鎮中興路5號5樓.5樓之1,請以補習班名義設立基金存款；二具滅火器壓力不足；98年度尚未申報消防安全設備,限期改善件次,2009/5/26,府教社字第0980079864號
私立金麥克文理短期補習班,2009/4/30,竹東鎮長春路一段62號,收費收據未有退費規定,限期改善件次,2009/4/30,府教社字第0980062939號
私立大山文理短期補習班,2009/4/30,竹東鎮中豐路2段396號,未申報97年建築物公共安全檢查簽證及申報；滅火藥劑無壓力二具請更新,限期改善件次,2009/4/30,府教社字第0980062940號
私立私立掄元文理短期補習班,2009/4/30,竹北市莊敬三路82號1至4樓,未申報97年建築物公共安全檢查簽證及申報；避難器具操作及下降空間待改進，將於6月12日複查,限期改善件次,2009/5/7,府教社字第0980067882號
私立諾貝爾文理短期補習班,2009/4/23,竹東鎮長春路三段204巷10號,未使用定型化契約；收費收據未有退費規定；公共意外責任險過期；依規辦理補習班變更班址；未申報消防安全設備,限期改善件次,2009/4/30,府教社字第0980062934號
私立古佳立美語短期補習班,2009/4/23,新豐鄉建興路二段699號1暨2樓,基金存款不足新台幣15萬元；收費收據無退費規定；投梯間需增設避難指示燈，二樓教室需增設緊急照明設備,限期改善件次,2009/4/23,府教社字第0980061690號
私立佳學英語短期補習班,2009/4/2,竹北市光明三路128號,定型化契約及收費收據非依現行法規規定,限期改善件次,2009/4/23,府教社字第0980061686號
私立芝麻美語短期補習班,2009/3/19,湖口鄉信勢村11鄰新湖路47號1-4樓,未使用定型化契約及招收安親班1班；1樓窗簾未有防焰標示,限期改善件次,2009/4/23,府教社字第0980061691號
私立傑升文理短期補習班,2009/3/19,竹北市三民路252號1樓,收費收據退費規定應使用本縣短期補習班設立及管理規則第二十八條之規定,限期改善件次,2009/4/8,府教社字第0980050011
私立英格文理短期補習班,2009/3/19,新埔鎮和平路328號1樓暨330號1樓,未申報97年建築物公共安全檢查簽證及申報；收費收據未有退費規定,限期改善件次,2009/4/23,府教社字第0980061688號
私立靜川日語短期補習班,2009/3/19,竹北市莊敬六街88號2樓,未申報97年建築物公共安全檢查簽證及申報；收費收據未有退費規定,限期改善件次,2009/4/23,府教社字第0980061689號
私立金字塔文理短期補習班,2009/3/5,湖口鄉愛勢村20鄰信義街17巷31號,未申報97建築物公共安全檢查簽證及申報；收費收據無退費規定,限期改善件次,2009/4/8,府教社字第0980050010號
私立幼發拉底竹科文理短期補習班,2009/3/5,竹北市文興路一段65號4樓,補習班基金存款應為新台幣60萬元，實際金額為新台幣47萬5000元整，請補足該款項,限期改善件次,2009/3/6,府教社字第0980035083號
私立巧克力美語短期補習班,2009/3/5,湖口鄉民生路278號1-3樓,定型化契約版本不同,限期改善件次,2009/3/9,府教社字第0980035105號
私立臺師１號文理短期補習班,2008/8/14,竹北市中正西路111號1.2樓,未使用定型化契約,糾正件次(列入違規紀錄),2008/8/20,970123919
私立冠華美語會話短期補習班,2006/9/11,竹北市麻園里1鄰10號1樓,擅自更改班址暨招收2-6歲幼童安親,限期改善件次,2006/9/13,950125639
私立科林美語短期補習班,2006/7/20,竹北市縣政九路135巷38號1樓.36號2樓,一樓樓梯高度不足.未定期檢修消防設備.指示燈燈具故障.未懸掛立案證書.未提供設班基金影本.,限期改善件次,2006/7/27,府教社字第0950098330號
私立北一文理短期補習班,2006/7/20,竹北市中泰路8號1樓,未經核准變更班址.未經核准擅自增設課輔班.未遴派防火管理人並實施消防演練.未設置數量足夠滅火器.未裝置避難方向指示燈及緊急照明設備.未定期申報建築物公共安全及提供建築物使用執照合法證明,限期改善件次,2006/7/27,府教社字第0950098319號
私立高仕電腦短期補習班,2006/7/20,竹北市縣政十街26巷19號3樓,未依規申報建築物公安簽證.建築物使用用途不符.未依規辦理消防公安申報.未遴派防火管理員並實施消防演練.未經核准擅自遷移班址.擅自增設課輔班數理班.未提供教職員資料暨設班基金資料.,限期改善件次,2006/7/27,府教社字第0950098318號
私立北辰文理短期補習班,2006/7/20,竹北市三民路172號1樓,超收學生,限期改善件次,2006/7/27,府教社字第0950098316號
私立力弘文理短期補習班,2006/7/20,竹北市仁義路201號2樓,安全門阻塞.未定期申報建築物公安.未依規定期檢修報消防設備.滅火器設置數量不足.未懸掛立案證書.市招班名不符.未提供公共意外險資料,限期改善件次,2006/7/27,府教社字第0950098321號
私立小巨人文理短期補習班,2006/7/13,"新豐鄉中興街91號1,2樓",未提供建築物變更使用執照影本面積達332m未遴選防火管理人請儘速派員受訓一樓有2具滅火器使用日期不明壓力不足請更換未見定期檢修申報書請儘速申報未見消防自衛編組演練資料儘速補做,限期改善件次,2006/7/17,府教社字第0950092223號
私立鴻韻音樂教室短期補習班,2006/7/13,竹北市光明二街82號2.3樓,未定期申報建築物公安簽證,限期改善件次,2006/7/17,府教社字第0950093077號
私立雨果美語短期補習班,2006/6/1,竹東鎮大林路182號1樓,,限期改善件次,,
私立樹海美語短期補習班,2006/5/22,竹北市中央路255號1.2.3樓,未投保公共意外險,限期改善件次,2006/3/6,府教社字第0950035866號
私立吉的堡美語會話補習班,2006/3/30,竹北市中正東路115巷3號5號1-2樓,,限期改善件次,2006/3/31,
私立年代美語會話短期補習班,2006/3/23,新埔鎮中正路178號1.2.3樓,,限期改善件次,2006/3/24,府教社字第0950043886號
私立遠錦英文電腦短期補習班,2006/3/23,新埔鎮楊新路一段27號1，2樓,,限期改善件次,2006/3/24,府教社字第0950043881號
私立名喬音樂短期補習班,2006/3/16,竹北市三民路137巷5號1樓,,限期改善件次,2006/3/17,府教社字第0950041099號
私立慈宏電腦短期補習班,2006/3/16,湖口鄉新興路370號2樓,,限期改善件次,2006/3/20,府教社字第0950040062號
私立哈佛文理短期補習班,2006/3/9,竹東鎮東林路179號1-3樓,收據未印退費標準,限期改善件次,2006/3/13,府教社字第0950037923號
私立佳聲英語會話短期補習班,2006/3/2,新豐鄉學府街70號1，2樓,,限期改善件次,2005/3/6,
